{
    "method": {
        "mean": 171.49261040834816,
        "std": 856.0954198490815,
        "threshold": 1883.6834501065111
    }
}