{
    "method": {
        "mean": 121.41959425560557,
        "std": 967.4894190273731,
        "threshold": 2056.398432310352
    }
}