{
    "method": {
        "mean": 109.0191045586411,
        "std": 939.114220663619,
        "threshold": 1987.2475458858792
    }
}