{
    "line": {
        "mean": 12.394034112949722,
        "std": 119.56474024962064,
        "threshold": 251.523514612191
    },
    "block": {
        "mean": 62.65536066689183,
        "std": 376.0404348881565,
        "threshold": 814.7362304432048
    },
    "all": {
        "mean": 33.817404157798784,
        "std": 262.85574989569204,
        "threshold": 559.5289039491829
    }
}