{
    "line": {
        "mean": 12.954576789695757,
        "std": 109.36863280711898,
        "threshold": 231.69184240393372
    },
    "block": {
        "mean": 75.33100506161051,
        "std": 448.86999083580844,
        "threshold": 973.0709867332274
    },
    "all": {
        "mean": 39.5418835037563,
        "std": 306.09663991667657,
        "threshold": 651.7351633371094
    }
}