{
    "line": {
        "mean": 13.534602787613693,
        "std": 128.48262535335655,
        "threshold": 270.49985349432677
    },
    "block": {
        "mean": 68.24718715160553,
        "std": 400.4866180687682,
        "threshold": 869.220423289142
    },
    "all": {
        "mean": 36.855275386293584,
        "std": 280.29978614889313,
        "threshold": 597.4548476840798
    }
}